Time of day (h),Duration(s),Type
22,2206,Study
19,2902,Study
8,2639,Study
17,1427,Study
8,3341,Study
13,1821,Study
21,3119,Study
9,3259,Study
15,2104,Study
21,3047,Study
18,2783,Study
15,2499,Study
14,2598,Study
15,2581,Study
22,3192,Study
14,2717,Study
21,2340,Study
18,2456,Study
9,2245,Study
8,3639,Study
21,2309,Study
15,2013,Study
17,2760,Study
20,3196,Study
21,1617,Study
22,1881,Study
12,2001,Study
9,2648,Study
9,2332,Study
9,2995,Study
16,2888,Study
20,2781,Study
11,2062,Study
6,2629,Study
13,2294,Study
10,2092,Study
8,3678,Study
14,2377,Study
17,2720,Study
14,2062,Study
22,1744,Study
22,2221,Study
13,2272,Study
19,2159,Study
9,2775,Study
21,2996,Study
7,3217,Study
9,2983,Study
12,2310,Study
6,4457,Study
21,2605,Study
8,3071,Study
6,2805,Study
14,2509,Study
10,3164,Study
14,2672,Study
9,2460,Study
19,1708,Study
22,2948,Study
15,1939,Study
19,2899,Study
12,2138,Study
21,2519,Study
9,1912,Study
7,3863,Study
13,2421,Study
16,2420,Study
9,3430,Study
20,2789,Study
16,2299,Study
8,3904,Study
8,3212,Study
20,2565,Study
22,2989,Study
15,2466,Study
16,1607,Study
19,2520,Study
18,1803,Study
21,1782,Study
8,3402,Study
7,3568,Study
9,2858,Study
17,2212,Study
20,1942,Study
13,2669,Study
6,3112,Study
7,2465,Study
16,2568,Study
10,2957,Study
11,2774,Study
12,2050,Study
6,2407,Study
15,2783,Study
21,2682,Study
20,2075,Study
19,1524,Study
8,2439,Study
19,1804,Study
21,2691,Study
14,2609,Study
21,2277,Study
19,2958,Study
21,2912,Study
6,3276,Study
10,3296,Study
14,1915,Study
18,1883,Study
15,2564,Study
17,2354,Study
7,3911,Study
17,2081,Study
21,2975,Study
8,3610,Study
6,3552,Study
12,2757,Study
20,2664,Study
15,2665,Study
19,2200,Study
22,3318,Study
22,3085,Study
13,1786,Study
9,3086,Study
11,2152,Study
22,3194,Study
22,3253,Study
20,1914,Study
19,2027,Study
21,2714,Study
13,2075,Study
10,2574,Study
7,3616,Study
15,1979,Study
19,2605,Study
8,2082,Study
17,2604,Study
13,2778,Study
19,1484,Study
15,2980,Study
13,2133,Study
12,2556,Study
22,2104,Study
20,2451,Study
16,2270,Study
12,2073,Study
11,2572,Study
20,3241,Study
18,2004,Study
10,3162,Study
20,1894,Study
8,3278,Study
21,3027,Study
13,1590,Study
22,2074,Study
22,2327,Study
21,2046,Study
15,1723,Study
16,1883,Study
14,2662,Study
10,3705,Study
21,2666,Study
12,3191,Study
22,2615,Study
10,3130,Study
12,2637,Study
6,4144,Study
12,2510,Study
20,2073,Study
22,3171,Study
7,3867,Study
9,2027,Study
14,2294,Study
13,1582,Study
10,2730,Study
17,2336,Study
18,2807,Study
14,2103,Study
13,2441,Study
21,2845,Study
9,3156,Study
18,1831,Study
11,2899,Study
16,2161,Study
19,2017,Study
10,2130,Study
19,1844,Study
22,3096,Study
16,2259,Study
8,2099,Study
12,2068,Study
12,2068,Study
15,2607,Study
8,3600,Study
11,2703,Study
17,2445,Study
11,2863,Study
11,1959,Study
11,2053,Study
21,2484,Study
19,2364,Study
21,2639,Study
21,3011,Study
17,2405,Study
14,2482,Study
6,3235,Study
20,2684,Study
20,1760,Study
18,2956,Study
15,2400,Study
6,3771,Study
19,1745,Study
18,1646,Study
11,2655,Study
6,4112,Study
16,2728,Study
14,1838,Study
8,3458,Study
8,3587,Study
17,2503,Study
9,2790,Study
19,2141,Study
6,2213,Study
14,2550,Study
7,2544,Study
9,3259,Study
20,2047,Study
14,2315,Study
10,2922,Study
14,1681,Study
6,3095,Study
9,3349,Study
12,2659,Study
7,2385,Study
18,2320,Study
22,2272,Study
14,2189,Study
9,2682,Study
22,2951,Study
21,2567,Study
21,2316,Study
22,1956,Study
9,3180,Study
12,2441,Study
19,1894,Study
16,2791,Study
7,3601,Study
20,1885,Study
21,2936,Study
6,4155,Study
12,2364,Study
15,2378,Study
14,1672,Study
13,2218,Study
19,2223,Study
16,1766,Study
13,2845,Study
14,2063,Study
6,3177,Study
22,2443,Study
14,1611,Study
11,2631,Study
8,2386,Study
15,1989,Study
18,2202,Study
21,2810,Study
21,3303,Study
18,2894,Study
22,2982,Study
22,2487,Study
7,2123,Study
11,2716,Study
6,2560,Study
15,2314,Study
14,2600,Study
12,2367,Study
7,3376,Study
18,2291,Study
16,2236,Study
12,2702,Study
11,3129,Study
15,2682,Study
21,2641,Study
21,2914,Study
21,1765,Study
7,3808,Study
15,2010,Study
7,2540,Study
10,2244,Study
15,2731,Study
7,3212,Study
11,1668,Study
11,2737,Study
12,2318,Study
8,2734,Study
6,2733,Study
11,2183,Study
6,3577,Study
7,2362,Study
14,2351,Study
6,2945,Study
12,2365,Study
16,1523,Study
20,2181,Study
8,1988,Study
10,3365,Study
22,2674,Study
20,3068,Study
16,1647,Study
11,2126,Study
19,2592,Study
8,3957,Study
17,2570,Study
14,1608,Study
9,3565,Study
8,2606,Study
18,1717,Study
13,2434,Study
19,2338,Study
19,3078,Study
17,2641,Study
18,2448,Study
12,2842,Study
10,2631,Study
19,2206,Study
6,3382,Study
14,1556,Study
9,2062,Study
22,2650,Study
17,2210,Study
10,2255,Study
18,1512,Study
11,2552,Study
12,3009,Study
16,2512,Study
10,3376,Study
8,3531,Study
19,2421,Study
18,2059,Study
17,2036,Study
22,1859,Study
22,3056,Study
12,2155,Study
6,2920,Study
9,3486,Study
19,2087,Study
19,3127,Study
20,2193,Study
14,1666,Study
17,2799,Study
22,2300,Study
21,2874,Study
16,1863,Study
11,3071,Study
9,3323,Study
18,2886,Study
11,2825,Study
15,2105,Study
6,2461,Study
11,2755,Study
11,2052,Study
8,3529,Study
8,3926,Study
15,2218,Study
9,2713,Study
18,2405,Study
7,3675,Study
13,2186,Study
11,1817,Study
21,3155,Study
12,2604,Study
16,2131,Study
7,2832,Study
12,2076,Study
17,1851,Study
14,1639,Study
10,3264,Study
13,2770,Study
13,2910,Study
8,2289,Study
18,2074,Study
9,3339,Study
18,2907,Study
14,2284,Study
19,2212,Study
19,2148,Study
10,2634,Study
6,3274,Study
20,1893,Study
7,2710,Study
20,1774,Study
19,1682,Study
21,2324,Study
11,2483,Study
7,2994,Study
21,1879,Study
22,2124,Study
9,1873,Study
6,4332,Study
14,2133,Study
21,2181,Study
15,2656,Study
14,2048,Study
20,3014,Study
21,3039,Study
21,2117,Study
9,3285,Study
21,1708,Study
20,2169,Study
12,3032,Study
7,2761,Study
15,2647,Study
19,2779,Study
14,3038,Study
12,1754,Study
21,1967,Study
9,1952,Study
6,3464,Study
17,1992,Study
21,3018,Study
19,1823,Study
10,2832,Study
21,1951,Study
22,2970,Study
13,2960,Study
16,1555,Study
8,2285,Study
8,2981,Study
20,1984,Study
16,1461,Study
12,2825,Study
11,2428,Study
10,2764,Study
21,2486,Study
19,2800,Study
13,2351,Study
21,2229,Study
13,1905,Study
19,2489,Study
10,2382,Study
10,3249,Study
10,2596,Study
20,2047,Study
9,2244,Study
11,2270,Study
16,2715,Study
7,3665,Study
22,2237,Study
14,2919,Study
6,4178,Study
21,2633,Study
15,2503,Study
15,1866,Study
20,2577,Study
13,2660,Study
21,2397,Study
12,1854,Study
22,3044,Study
22,3409,Study
16,1800,Study
8,2616,Study
16,2545,Study
7,2924,Study
15,2835,Study
18,2152,Study
8,1858,Study
21,2064,Study
19,3108,Study
8,3126,Study
14,2421,Study
8,3551,Study
20,2566,Study
22,2179,Study
15,2004,Study
11,3115,Study
10,3082,Study
14,2385,Study
7,4171,Study
8,3378,Study
13,2751,Study
21,3212,Study
8,2471,Study
14,1755,Study
15,2215,Study
9,2846,Study
21,1679,Study
13,2936,Study
20,2755,Study
15,1747,Study
6,4273,Study
13,2427,Study
14,2104,Study
11,3234,Study
10,2164,Study
17,2082,Study
20,1697,Study
12,1905,Study
11,2460,Study
22,3052,Study
15,2209,Study
8,3706,Study
7,3146,Study
12,1784,Study
22,1711,Study
13,2520,Study
11,2079,Study
11,2972,Study
10,1863,Study
20,2083,Study
15,2061,Study
7,3776,Study
19,2195,Study
11,3027,Study
9,3161,Study
14,1669,Study
14,2562,Study
6,3359,Study
21,3017,Study
16,2034,Study
10,3640,Study
6,4419,Study
15,2096,Study
19,2462,Study
19,1971,Study
14,2266,Study
8,3776,Study
21,2216,Study
9,2941,Study
8,3550,Study
13,2924,Study
16,2721,Study
21,2199,Study
14,1707,Study
21,2308,Study
22,1952,Study
10,2116,Study
7,4408,Study
15,2600,Study
12,2596,Study
10,3140,Study
13,1824,Study
13,3097,Study
13,2222,Study
6,3744,Study
18,2526,Study
16,2280,Study
15,1470,Study
10,2302,Study
19,1774,Study
17,2667,Study
18,1800,Study
14,1955,Study
13,2176,Study
9,2008,Study
20,2358,Study
19,2668,Study
14,2329,Study
9,3654,Study
19,3167,Study
18,2343,Study
6,3403,Study
21,2774,Study
20,2329,Study
10,2421,Study
22,3049,Study
21,3262,Study
11,1864,Study
9,3503,Study
16,2743,Study
10,2701,Study
18,2169,Study
20,2056,Study
20,2218,Study
19,2558,Study
10,3186,Study
15,2678,Study
15,2109,Study
21,1790,Study
7,3211,Study
14,2113,Study
17,2607,Study
22,3220,Study
16,2039,Study
13,2259,Study
21,2403,Study
14,2057,Study
15,1444,Study
16,2844,Study
19,2311,Study
13,2642,Study
13,1862,Study
19,2928,Study
20,2408,Study
9,3361,Study
6,3039,Study
21,2291,Study
7,3665,Study
16,1888,Study
14,2416,Study
7,4077,Study
18,1986,Study
15,1918,Study
6,2706,Study
18,2739,Study
8,2991,Study
22,2826,Study
6,2970,Study
7,3605,Study
15,2131,Study
13,2343,Study
22,2214,Study
6,4164,Study
13,3057,Study
20,2867,Study
22,3252,Study
14,1824,Study
11,2391,Study
13,1637,Study
14,2373,Study
9,3624,Study
16,1763,Study
6,3082,Study
10,2804,Study
19,2892,Study
15,2802,Study
19,2681,Study
16,1639,Study
10,2730,Study
18,2268,Study
6,2679,Study
12,2374,Study
7,3083,Study
13,1598,Study
17,1911,Study
19,2144,Study
19,2900,Study
12,2618,Study
17,2323,Study
11,2506,Study
17,2176,Study
14,2515,Study
18,2884,Study
9,3025,Study
10,3135,Study
22,2095,Study
11,3053,Study
11,2440,Study
12,2044,Study
13,2048,Study
14,2382,Study
14,2728,Study
10,2537,Study
12,2263,Study
19,1938,Study
10,3279,Study
9,2754,Study
14,2623,Study
8,3278,Study
8,3858,Study
16,2612,Study
13,2153,Study
14,1809,Study
10,2887,Study
16,2171,Study
9,2185,Study
21,3267,Study
20,2112,Study
9,1906,Study
6,2653,Study
9,2915,Study
8,2072,Study
20,3221,Study
13,2800,Study
7,3177,Study
22,1744,Study
19,2256,Study
13,2532,Study
22,1857,Study
15,1579,Study
18,2049,Study
20,3109,Study
16,2025,Study
10,2279,Study
10,1982,Study
12,2845,Study
14,1811,Study
10,2637,Study
6,3504,Study
6,3477,Study
9,3387,Study
9,3055,Study
17,2041,Study
15,2955,Study
15,2704,Study
20,2430,Study
14,2634,Study
19,2733,Study
17,2334,Study
8,3553,Study
13,1748,Study
22,2708,Study
10,2622,Study
7,3100,Study
20,2915,Study
21,2620,Study
7,2431,Study
21,1923,Study
6,4398,Study
17,1983,Study
22,2019,Study
17,2771,Study
16,1933,Study
10,2667,Study
20,2023,Study
11,2168,Study
22,1707,Study
17,2612,Study
6,2942,Study
10,2170,Study
13,2333,Study
15,1770,Study
12,3069,Study
20,2549,Study
19,2489,Study
12,2559,Study
8,3419,Study
8,4069,Study
10,3639,Study
10,2956,Study
14,1587,Study
15,1730,Study
22,2979,Study
19,2547,Study
16,2109,Study
9,2870,Study
10,3400,Study
9,3263,Study
7,2289,Study
6,3576,Study
7,3234,Study
18,1884,Study
22,1972,Study
15,1843,Study
22,2940,Study
14,2322,Study
17,2556,Study
8,3183,Study
22,3116,Study
20,2400,Study
15,2506,Study
11,2215,Study
8,2767,Study
21,2985,Study
17,1911,Study
17,2021,Study
7,3233,Study
13,2430,Study
22,2631,Study
10,2799,Study
10,2698,Study
7,2648,Study
11,2747,Study
14,1909,Study
19,2913,Study
10,2418,Study
9,2178,Study
6,2467,Study
22,2355,Study
9,2331,Study
9,3094,Study
16,2644,Study
13,2904,Study
12,2530,Study
21,1911,Study
19,3152,Study
10,3364,Study
11,3184,Study
18,2868,Study
20,1720,Study
18,1928,Study
8,2774,Study
12,2150,Study
21,2084,Study
6,3282,Study
17,2032,Study
13,3053,Study
19,1979,Study
10,2256,Study
6,2949,Study
6,4369,Study
16,2546,Study
21,2259,Study
6,3775,Study
18,1982,Study
17,2483,Study
22,2541,Study
17,1433,Study
20,1911,Study
10,3419,Study
14,2477,Study
21,2932,Study
19,2540,Study
9,2752,Study
19,2525,Study
19,2199,Study
18,1761,Study
19,1925,Study
18,2558,Study
16,1696,Study
8,3474,Study
8,4058,Study
22,2875,Study
15,1953,Study
21,2355,Study
15,2327,Study
17,2100,Study
16,2909,Study
7,2469,Study
12,2303,Study
7,3008,Study
6,3421,Study
13,2808,Study
14,2500,Study
9,2673,Study
10,2924,Study
12,2140,Study
21,2333,Study
16,2453,Study
9,2157,Study
18,2369,Study
22,2558,Study
14,1923,Study
22,2009,Study
18,1773,Study
12,2039,Study
7,2637,Study
18,1736,Study
9,3182,Study
10,2473,Study
14,2076,Study
14,3011,Study
9,3514,Study
21,2436,Study
14,2152,Study
18,2744,Study
14,2231,Study
6,3025,Study
18,2439,Study
11,3187,Study
10,2368,Study
15,2426,Study
15,2700,Study
18,1619,Study
20,1931,Study
16,1653,Study
9,3544,Study
6,4052,Study
18,2023,Study
10,3125,Study
13,2158,Study
21,2632,Study
8,3758,Study
22,1961,Study
15,2631,Study
21,3070,Study
8,2474,Study
12,2727,Study
16,2530,Study
11,2503,Study
15,2168,Study
8,3833,Study
19,2171,Study
6,2789,Study
14,2014,Study
8,4036,Study
16,2040,Study
21,3198,Study
17,2530,Study
11,2335,Study
18,2419,Study
11,3162,Study
19,1517,Study
10,3123,Study
8,2321,Study
9,3135,Study
21,2584,Study
19,2700,Study
12,2543,Study
11,2979,Study
14,2592,Study
21,3127,Study
7,2164,Study
15,1599,Study
22,3066,Study
8,2866,Study
20,2624,Study
17,2567,Study
18,2693,Study
6,3139,Study
19,2211,Study
21,2387,Study
19,2556,Study
19,1971,Study
8,3161,Study
13,2174,Study
8,3538,Study
12,1606,Study
7,2437,Study
11,1802,Study
18,2789,Study
20,1900,Study
11,3169,Study
7,3050,Study
20,2854,Study
6,3625,Study
13,2709,Study
16,1691,Study
19,3029,Study
18,3000,Study
13,2125,Study
17,1785,Study
12,3054,Study
22,2647,Study
15,1943,Study
20,2764,Study
8,3060,Study
8,2946,Study
21,2125,Study
7,3485,Study
20,1975,Study
10,2540,Study
7,3016,Study
20,2890,Study
21,3109,Study
22,1960,Study
20,2703,Study
22,3178,Study
13,2574,Study
12,1695,Study
6,3119,Study
6,3020,Study
12,2669,Study
22,2626,Study
11,2456,Study
7,3802,Study
18,2011,Study
16,2162,Study
14,2555,Study
22,2550,Study
20,2765,Study
12,2776,Study
21,2658,Study
15,2040,Study
15,2232,Study
14,1983,Study
10,2364,Study
15,1886,Study
15,2933,Study
6,2888,Study
22,3298,Study
19,2892,Study
12,2449,Study
6,4095,Study
22,3114,Study
13,2975,Study
21,2203,Study
9,3796,Study
17,1815,Study
18,2062,Study
6,4251,Study
18,1882,Study
18,2383,Study
9,2900,Study
19,1886,Study
21,2805,Study
16,2469,Study
18,1856,Study
12,1652,Study
22,2725,Study
15,1689,Study
10,2873,Study
10,2554,Study
9,3251,Study
22,2638,Study
14,2047,Study
10,2212,Study
15,2860,Study
10,2769,Study
18,1814,Study
9,3181,Study
7,3699,Study
11,1966,Study
16,2076,Study
20,2044,Study
10,2258,Study
12,1934,Study
8,3533,Study
19,2745,Study
8,3115,Study
11,2339,Study
7,2666,Study
22,3273,Study
18,2188,Sport
22,2696,Sport
20,2306,Sport
17,2277,Sport
6,2710,Sport
17,2824,Sport
19,3193,Sport
9,3055,Sport
15,2646,Sport
10,2542,Sport
9,2114,Sport
14,2427,Sport
6,2605,Sport
8,3145,Sport
22,2906,Sport
13,2607,Sport
22,3193,Sport
6,3349,Sport
14,3014,Sport
15,3247,Sport
11,3574,Sport
13,2501,Sport
9,3634,Sport
13,2148,Sport
18,3555,Sport
8,2754,Sport
12,2411,Sport
16,1913,Sport
10,2398,Sport
17,2589,Sport
22,3006,Sport
19,3180,Sport
12,3033,Sport
7,3941,Sport
17,2848,Sport
20,2854,Sport
13,2256,Sport
14,2637,Sport
9,3104,Sport
20,3391,Sport
20,3202,Sport
20,3209,Sport
11,1786,Sport
22,2453,Sport
14,3350,Sport
11,2073,Sport
12,2709,Sport
12,3425,Sport
21,2443,Sport
17,2860,Sport
19,3774,Sport
6,4578,Sport
16,1745,Sport
17,2349,Sport
12,2666,Sport
9,2714,Sport
7,3275,Sport
6,2800,Sport
12,2421,Sport
18,2719,Sport
17,1694,Sport
15,2027,Sport
19,2948,Sport
7,3955,Sport
21,3825,Sport
6,3745,Sport
20,2472,Sport
12,2696,Sport
7,3754,Sport
6,4361,Sport
14,2834,Sport
7,3644,Sport
6,3825,Sport
19,2539,Sport
19,2061,Sport
16,2618,Sport
21,4053,Sport
22,2916,Sport
18,2403,Sport
19,2261,Sport
17,3173,Sport
19,2799,Sport
7,4125,Sport
21,3446,Sport
9,3672,Sport
16,2598,Sport
12,3011,Sport
20,3354,Sport
7,3905,Sport
13,2946,Sport
10,3414,Sport
16,3609,Sport
8,2773,Sport
20,3691,Sport
20,3686,Sport
19,2671,Sport
15,1768,Sport
6,3280,Sport
20,4071,Sport
15,1990,Sport
19,2479,Sport
14,2945,Sport
12,2079,Sport
6,4650,Sport
7,3657,Sport
8,3022,Sport
21,2922,Sport
13,1766,Sport
13,1651,Sport
21,2386,Sport
20,2490,Sport
14,2750,Sport
22,3502,Sport
16,2206,Sport
6,3004,Sport
9,3562,Sport
10,3055,Sport
18,1988,Sport
12,2080,Sport
20,3811,Sport
21,2432,Sport
10,3391,Sport
14,2903,Sport
7,4029,Sport
12,3010,Sport
16,3218,Sport
21,3858,Sport
6,3880,Sport
20,3205,Sport
16,2692,Sport
9,2354,Sport
22,3263,Sport
18,3409,Sport
15,3365,Sport
16,2708,Sport
17,3401,Sport
10,2516,Sport
7,2952,Sport
12,2974,Sport
11,2381,Sport
18,2517,Sport
17,2960,Sport
20,3148,Sport
11,2696,Sport
6,4793,Sport
8,2674,Sport
12,3662,Sport
18,2038,Sport
12,3082,Sport
19,1917,Sport
20,2698,Sport
7,3881,Sport
19,2121,Sport
9,3760,Sport
20,2943,Sport
21,3782,Sport
14,3069,Sport
9,3013,Sport
14,3247,Sport
14,2444,Sport
15,3356,Sport
7,2818,Sport
11,2334,Sport
8,3903,Sport
10,2936,Sport
11,2492,Sport
10,2725,Sport
10,3179,Sport
9,2369,Sport
12,3026,Sport
16,2050,Sport
15,3325,Sport
17,3065,Sport
6,2946,Sport
13,2888,Sport
14,2719,Sport
21,3185,Sport
18,2394,Sport
6,4231,Sport
7,3003,Sport
7,3258,Sport
18,2238,Sport
8,2691,Sport
10,2380,Sport
16,2876,Sport
13,2422,Sport
10,2421,Sport
10,3073,Sport
20,3686,Sport
18,3396,Sport
14,2316,Sport
8,3631,Sport
6,2353,Sport
11,2433,Sport
20,3836,Sport
19,3639,Sport
8,2462,Sport
21,4011,Sport
16,2509,Sport
15,3463,Sport
22,3353,Sport
18,2961,Sport
20,3565,Sport
15,2440,Sport
8,2839,Sport
9,2642,Sport
10,2012,Sport
7,2764,Sport
12,2960,Sport
17,3340,Sport
14,2570,Sport
15,2189,Sport
6,3934,Sport
14,3070,Sport
13,2726,Sport
7,3448,Sport
13,2606,Sport
10,2370,Sport
11,2443,Sport
15,2132,Sport
8,3456,Sport
9,3268,Sport
22,4375,Sport
13,2005,Sport
21,2634,Sport
11,2140,Sport
11,3421,Sport
11,2538,Sport
17,3071,Sport
16,3156,Sport
17,2246,Sport
6,3324,Sport
6,4852,Sport
12,2557,Sport
11,2752,Sport
6,3317,Sport
21,3562,Sport
12,1994,Sport
19,2552,Sport
18,2675,Sport
10,2378,Sport
21,3812,Sport
19,3290,Sport
9,3549,Sport
22,3798,Sport
21,2876,Sport
15,2947,Sport
11,3376,Sport
13,2694,Sport
11,2176,Sport
19,2958,Sport
8,2527,Sport
11,2537,Sport
9,2665,Sport
16,2102,Sport
20,3116,Sport
21,3784,Sport
9,3007,Sport
16,3107,Sport
13,2762,Sport
14,3030,Sport
7,2668,Sport
15,2843,Sport
7,2100,Sport
11,2568,Sport
22,2670,Sport
20,2321,Sport
15,2379,Sport
18,3364,Sport
12,2804,Sport
18,3074,Sport
8,2962,Sport
13,2797,Sport
16,3377,Sport
11,2422,Sport
16,2421,Sport
15,3223,Sport
18,3019,Sport
7,3285,Sport
22,2845,Sport
12,2296,Sport
6,4542,Sport
11,2107,Sport
6,2887,Sport
19,2837,Sport
16,3424,Sport
19,2143,Sport
16,2142,Sport
10,2221,Sport
20,2576,Sport
15,2189,Sport
18,3481,Sport
21,3302,Sport
21,2318,Sport
11,2751,Sport
17,3388,Sport
7,2482,Sport
16,2624,Sport
14,1946,Sport
8,2332,Sport
10,2865,Sport
14,2370,Sport
20,3257,Sport
18,3024,Sport
18,2696,Sport
12,1972,Sport
11,2107,Sport
20,3766,Sport
10,2344,Sport
14,2819,Sport
7,3320,Sport
20,3821,Sport
13,2844,Sport
22,4676,Sport
10,2908,Sport
12,2725,Sport
9,2276,Sport
6,4254,Sport
19,2763,Sport
9,1999,Sport
9,4014,Sport
14,1840,Sport
9,3450,Sport
12,2697,Sport
16,2532,Sport
19,2594,Sport
11,3126,Sport
18,2954,Sport
13,1746,Sport
19,3970,Sport
18,3128,Sport
6,3345,Sport
21,3688,Sport
17,3121,Sport
6,3094,Sport
7,3477,Sport
18,3374,Sport
7,3362,Sport
16,2925,Sport
6,2494,Sport
6,4133,Sport
16,2363,Sport
14,2214,Sport
22,3343,Sport
7,2570,Sport
6,4438,Sport
10,3681,Sport
9,3332,Sport
6,4399,Sport
19,3204,Sport
16,2537,Sport
10,2328,Sport
17,2579,Sport
10,2122,Sport
9,3740,Sport
22,2852,Sport
16,3455,Sport
13,3130,Sport
8,2609,Sport
8,3232,Sport
21,3857,Sport
21,3511,Sport
14,3470,Sport
21,3655,Sport
16,3045,Sport
14,2386,Sport
20,2352,Sport
15,2458,Sport
21,3634,Sport
12,2767,Sport
11,3001,Sport
20,3050,Sport
21,3191,Sport
9,2703,Sport
12,3273,Sport
19,2755,Sport
17,3028,Sport
12,2329,Sport
7,3070,Sport
22,4608,Sport
12,2041,Sport
18,3047,Sport
11,2669,Sport
16,2532,Sport
19,2107,Sport
16,3363,Sport
16,2650,Sport
17,2350,Sport
19,3700,Sport
10,2709,Sport
6,3972,Sport
14,2052,Sport
18,2205,Sport
8,3370,Sport
20,2949,Sport
18,3665,Sport
11,3395,Sport
17,3425,Sport
6,3336,Sport
16,3011,Sport
7,3537,Sport
8,3050,Sport
10,2205,Sport
16,2562,Sport
15,3269,Sport
19,3141,Sport
19,3766,Sport
18,2934,Sport
14,2413,Sport
6,3421,Sport
8,3456,Sport
6,2272,Sport
10,2818,Sport
11,2984,Sport
19,3817,Sport
10,2689,Sport
13,1874,Sport
20,2858,Sport
20,3118,Sport
20,2666,Sport
19,2625,Sport
12,2563,Sport
21,3912,Sport
12,3101,Sport
21,2991,Sport
19,2259,Sport
13,3128,Sport
19,2685,Sport
18,2756,Sport
14,2176,Sport
14,1746,Sport
18,3728,Sport
8,3767,Sport
20,3432,Sport
12,2362,Sport
10,3128,Sport
8,2472,Sport
11,3181,Sport
10,3301,Sport
18,3511,Sport
9,3339,Sport
7,3484,Sport
10,2793,Sport
18,2397,Sport
19,2978,Sport
9,2308,Sport
11,1868,Sport
20,2727,Sport
17,3488,Sport
11,3151,Sport
15,2542,Sport
16,1959,Sport
20,3037,Sport
6,4672,Sport
16,3373,Sport
10,2513,Sport
15,2532,Sport
16,2461,Sport
16,3313,Sport
21,3161,Sport
9,3127,Sport
15,3060,Sport
7,4185,Sport
10,3325,Sport
19,2135,Sport
13,1837,Sport
8,2526,Sport
12,2811,Sport
21,2350,Sport
19,2628,Sport
21,3146,Sport
14,3148,Sport
9,2791,Sport
9,2220,Sport
21,3993,Sport
14,2546,Sport
17,2320,Sport
13,2359,Sport
15,3479,Sport
14,3341,Sport
15,2398,Sport
11,2879,Sport
17,3365,Sport
17,1819,Sport
17,2309,Sport
20,2656,Sport
21,3723,Sport
6,2546,Sport
9,2701,Sport
10,3339,Sport
14,2805,Sport
7,2516,Sport
15,2200,Sport
18,3391,Sport
21,2601,Sport
9,2089,Sport
9,3253,Sport
18,2337,Sport
17,2293,Sport
13,1961,Sport
7,2351,Sport
16,2764,Sport
18,2992,Sport
22,2565,Sport
19,2323,Sport
18,3064,Sport
6,3595,Sport
13,3287,Sport
16,2794,Sport
22,4437,Sport
8,2861,Sport
9,3234,Sport
16,2746,Sport
10,2870,Sport
18,2859,Sport
17,3327,Sport
14,1975,Sport
11,3306,Sport
18,3667,Sport
6,2651,Sport
20,2797,Sport
18,3102,Sport
7,3418,Sport
16,3219,Sport
8,3284,Sport
22,2885,Sport
6,4661,Sport
14,2952,Sport
22,3260,Sport
10,3254,Sport
10,2403,Sport
17,3049,Sport
17,2566,Sport
18,3203,Sport
10,3638,Sport
7,3618,Sport
21,2915,Sport
13,2914,Sport
16,2181,Sport
10,2248,Sport
12,1881,Sport
7,2608,Sport
13,2010,Sport
15,3204,Sport
14,2265,Sport
21,3748,Sport
16,2112,Sport
18,2148,Sport
16,2959,Sport
17,3232,Sport
15,2009,Sport
16,3154,Sport
10,2719,Sport
11,3399,Sport
18,3315,Sport
13,3228,Sport
9,2997,Sport
20,3486,Sport
11,2621,Sport
8,2828,Sport
17,1872,Sport
13,2877,Sport
18,2287,Sport
8,3163,Sport
18,2599,Sport
19,3491,Sport
21,2789,Sport
17,3459,Sport
19,3175,Sport
8,3328,Sport
14,2175,Sport
22,4106,Sport
20,2384,Sport
9,2741,Sport
22,4203,Sport
17,2482,Sport
6,4468,Sport
18,3085,Sport
17,2373,Sport
21,3309,Sport
15,3043,Sport
9,3833,Sport
21,4046,Sport
17,3222,Sport
21,2543,Sport
16,2235,Sport
20,3430,Sport
10,3257,Sport
9,2251,Sport
10,3607,Sport
13,2581,Sport
12,2213,Sport
15,2196,Sport
12,2613,Sport
18,1984,Sport
6,3803,Sport
19,3318,Sport
22,4026,Sport
19,3929,Sport
21,3453,Sport
6,3424,Sport
19,2646,Sport
11,2400,Sport
8,2466,Sport
6,3234,Sport
17,3440,Sport
20,3142,Sport
13,2315,Sport
9,3357,Sport
12,2284,Sport
14,2803,Sport
16,2755,Sport
16,2255,Sport
10,3909,Sport
12,1783,Sport
22,3340,Sport
19,3262,Sport
12,2646,Sport
8,3519,Sport
16,2527,Sport
17,2367,Sport
14,2588,Sport
12,2963,Sport
22,3176,Sport
11,3258,Sport
6,3940,Sport
22,3204,Sport
6,2903,Sport
11,3468,Sport
21,3410,Sport
9,4096,Sport
12,1970,Sport
7,2965,Sport
6,3109,Sport
18,2388,Sport
18,3206,Sport
22,2968,Sport
13,2841,Sport
10,2605,Sport
8,3390,Sport
20,3219,Sport
13,2702,Sport
9,3666,Sport
8,3021,Sport
12,2174,Sport
10,2697,Sport
18,3399,Sport
12,3234,Sport
7,3331,Sport
20,2406,Sport
14,2712,Sport
15,2316,Sport
8,2602,Sport
22,3502,Sport
13,3158,Sport
14,2423,Sport
21,4058,Sport
11,3052,Sport
7,3939,Sport
13,3538,Sport
7,3903,Sport
8,2657,Sport
11,3630,Sport
16,2230,Sport
10,2937,Sport
22,4268,Sport
8,2285,Sport
9,3062,Sport
13,1843,Sport
17,2505,Sport
21,2640,Sport
9,3146,Sport
18,2241,Sport
18,3122,Sport
22,2887,Sport
14,1739,Sport
22,2593,Sport
21,2619,Sport
20,3176,Sport
15,2452,Sport
9,2997,Sport
21,3353,Sport
21,2499,Sport
12,2308,Sport
10,2141,Sport
14,2324,Sport
8,2776,Sport
12,2551,Sport
6,3686,Sport
6,4257,Sport
11,2431,Sport
19,2536,Sport
21,2730,Sport
21,2493,Sport
12,3156,Sport
19,3202,Sport
18,2657,Sport
9,2468,Sport
13,2434,Sport
21,3465,Sport
15,2767,Sport
13,3046,Sport
15,2642,Sport
14,2616,Sport
20,2373,Sport
16,1787,Sport
16,2478,Sport
11,2318,Sport
16,2237,Sport
15,3479,Sport
22,3504,Sport
21,3380,Sport
20,3861,Sport
13,2477,Sport
8,3859,Sport
12,2802,Sport
22,2516,Sport
11,3528,Sport
18,3562,Sport
20,3410,Sport
11,2292,Sport
6,3225,Sport
6,2464,Sport
16,2851,Sport
13,3538,Sport
10,3402,Sport
16,2620,Sport
18,3771,Sport
10,3251,Sport
14,2998,Sport
9,3454,Sport
22,3406,Sport
10,2271,Sport
10,2545,Sport
9,2545,Sport
22,2225,Sport
14,1826,Sport
14,2914,Sport
20,3507,Sport
7,2950,Sport
14,3079,Sport
18,2213,Sport
17,1887,Sport
8,3076,Sport
20,2379,Sport
14,3263,Sport
7,2942,Sport
14,2918,Sport
22,3818,Sport
11,2969,Sport
10,2179,Sport
19,3273,Sport
16,2490,Sport
10,3232,Sport
20,2871,Sport
10,2307,Sport
8,3525,Sport
9,3383,Sport
22,3201,Sport
16,1910,Sport
18,2645,Sport
8,3695,Sport
6,3770,Sport
13,2516,Sport
6,2432,Sport
7,3661,Sport
18,3618,Sport
10,3254,Sport
22,3534,Sport
17,1957,Sport
8,2550,Sport
9,3016,Sport
21,3777,Sport
7,3704,Sport
9,3614,Sport
6,2975,Sport
16,2811,Sport
16,2811,Sport
22,3763,Sport
20,3889,Sport
21,2633,Sport
7,2489,Sport
15,2465,Sport
16,2796,Sport
21,3228,Sport
6,2369,Sport
11,3296,Sport
11,1754,Sport
10,2066,Sport
6,3915,Sport
8,3302,Sport
11,2438,Sport
19,3458,Sport
7,3327,Sport
17,2730,Sport
15,2793,Sport
11,2016,Sport
16,2269,Sport
9,3162,Sport
11,2256,Sport
8,1989,Sport
17,2182,Sport
14,2876,Sport
14,2815,Sport
12,2379,Sport
9,4051,Sport
6,4012,Sport
20,4223,Sport
19,3496,Sport
14,2289,Sport
18,2446,Sport
9,2287,Sport
9,2252,Sport
10,2351,Sport
22,3142,Sport
20,2935,Sport
9,2076,Sport
12,2323,Sport
6,3941,Sport
16,3041,Sport
7,3698,Sport
12,2497,Sport
14,2174,Sport
7,3768,Sport
15,2622,Sport
8,3190,Sport
14,2128,Sport
17,2617,Sport
7,4195,Sport
8,3566,Sport
19,3083,Sport
21,4398,Sport
13,3085,Sport
10,3446,Sport
21,2575,Sport
18,2483,Sport
11,3041,Sport
15,2196,Sport
7,3236,Sport
14,1830,Sport
9,3215,Sport
22,3405,Sport
19,2357,Sport
6,3418,Sport
20,2571,Sport
8,2234,Sport
12,2375,Sport
7,2879,Sport
12,3092,Sport
12,2338,Sport
14,3166,Sport
14,2403,Sport
11,2978,Sport
21,3420,Sport
15,2535,Sport
13,3197,Sport
6,3689,Sport
11,2027,Sport
13,2387,Sport
11,2039,Sport
17,1999,Sport
21,2930,Sport
6,3728,Sport
9,2204,Sport
14,2489,Sport
9,2627,Sport
21,3602,Sport
10,3285,Sport
7,2583,Sport
11,3474,Sport
12,2648,Sport
18,2452,Sport
16,3031,Sport
7,3397,Sport
15,1821,Sport
21,3533,Sport
13,1788,Sport
9,2543,Sport
12,2877,Sport
7,3095,Sport
22,2713,Sport
10,2268,Sport
16,2457,Sport
20,3729,Sport
15,2993,Sport
7,2799,Sport
17,2553,Sport
9,2758,Sport
11,2252,Sport
7,3451,Sport
18,2747,Sport
15,2192,Sport
8,2858,Sport
16,2955,Sport
7,2965,Sport
6,3815,Sport
15,2224,Sport
21,3505,Sport
13,3158,Sport
13,3164,Sport
20,2698,Sport
9,3652,Sport
16,2152,Sport
12,2784,Sport
6,4695,Sport
8,3796,Sport
19,2524,Sport
11,2792,Sport
8,3830,Sport
11,3579,Sport
14,2158,Sport
12,2296,Sport
16,2833,Sport
19,3412,Sport
16,2436,Sport
13,3547,Sport
13,2483,Sport
10,3462,Sport
15,1875,Sport
21,2583,Sport
19,3330,Sport
6,2709,Sport
16,2935,Sport
10,2131,Sport
13,2881,Sport
17,2616,Sport
11,2673,Sport
11,3363,Sport
14,2506,Sport
16,2409,Sport
21,2464,Sport
9,3518,Sport
11,2706,Sport
9,2519,Sport
21,2389,Sport
17,2975,Sport
10,3276,Sport
7,2743,Sport
19,2753,Sport
9,3675,Sport
10,2330,Sport
11,3356,Sport
18,2285,Sport
19,2039,Sport
7,4494,Sport
11,1847,Sport
9,3522,Sport
8,2557,Sport
16,2336,Sport
17,1912,Sport
10,3085,Sport
9,2092,Sport
14,2077,Sport
10,3025,Sport
14,3455,Sport
15,2600,Sport
8,3711,Sport
9,3782,Sport
11,3307,Sport
8,3266,Sport
17,2797,Sport
15,3580,Sport
14,2602,Sport
17,3177,Sport
11,2000,Sport
10,2324,Sport
7,3291,Sport
20,2730,Sport
17,2268,Sport
21,3301,Sport
22,3247,Sport
17,1871,Sport
7,2911,Sport
9,2307,Sport
18,2754,Sport
12,1938,Sport
12,2136,Sport
7,3857,Sport
12,3012,Sport
16,2697,Sport
19,3574,Sport
13,2091,Sport
8,3068,Sport
7,2631,Sport
22,2469,Sport
19,3847,Sport
10,2778,Sport
16,2257,Sport
17,2420,Sport
9,3467,Sport
21,2556,Sport
18,3763,Sport
21,3025,Sport
7,2770,Sport
8,3478,Sport
6,3216,Sport
14,2659,Sport
7,4136,Sport
17,2223,Sport
10,3500,Sport
13,2147,Leisure
6,3512,Leisure
21,3593,Leisure
12,2398,Leisure
22,2717,Leisure
12,2741,Leisure
15,1958,Leisure
12,2662,Leisure
22,2909,Leisure
10,2691,Leisure
15,2180,Leisure
7,2579,Leisure
22,3184,Leisure
21,3779,Leisure
11,2603,Leisure
18,2729,Leisure
13,2143,Leisure
11,2302,Leisure
13,2844,Leisure
11,2551,Leisure
22,2875,Leisure
10,2326,Leisure
22,4325,Leisure
19,3043,Leisure
16,2937,Leisure
6,3585,Leisure
20,3624,Leisure
21,4378,Leisure
19,2910,Leisure
12,1824,Leisure
16,2336,Leisure
10,3087,Leisure
14,1770,Leisure
9,2262,Leisure
18,1963,Leisure
19,2905,Leisure
9,2979,Leisure
16,2468,Leisure
6,2178,Leisure
13,2076,Leisure
18,2503,Leisure
21,2690,Leisure
20,2638,Leisure
12,2767,Leisure
10,2581,Leisure
7,1935,Leisure
9,2135,Leisure
22,4261,Leisure
8,2224,Leisure
7,2431,Leisure
11,2316,Leisure
9,2991,Leisure
6,3790,Leisure
14,2442,Leisure
15,1628,Leisure
14,1922,Leisure
12,2046,Leisure
6,2611,Leisure
20,2673,Leisure
13,1600,Leisure
16,2105,Leisure
8,2752,Leisure
13,2374,Leisure
21,4136,Leisure
22,2951,Leisure
8,3348,Leisure
16,2732,Leisure
12,1829,Leisure
18,3165,Leisure
9,2315,Leisure
19,2417,Leisure
17,2977,Leisure
14,1914,Leisure
22,4683,Leisure
10,3334,Leisure
19,2319,Leisure
19,3230,Leisure
20,3925,Leisure
11,2040,Leisure
13,2327,Leisure
19,2651,Leisure
9,2937,Leisure
15,2592,Leisure
12,2674,Leisure
18,2457,Leisure
14,2522,Leisure
14,2409,Leisure
9,3265,Leisure
17,3124,Leisure
17,2390,Leisure
21,3044,Leisure
18,3139,Leisure
12,1935,Leisure
15,2642,Leisure
18,3656,Leisure
13,2735,Leisure
18,2161,Leisure
8,2654,Leisure
20,3187,Leisure
7,2248,Leisure
21,3687,Leisure
20,3732,Leisure
22,4145,Leisure
16,2580,Leisure
13,2627,Leisure
7,3004,Leisure
22,3918,Leisure
6,2113,Leisure
12,2156,Leisure
8,2992,Leisure
14,2739,Leisure
8,3172,Leisure
6,3684,Leisure
15,2211,Leisure
17,2354,Leisure
12,2641,Leisure
6,3187,Leisure
8,1784,Leisure
14,2638,Leisure
9,2204,Leisure
12,3092,Leisure
14,2133,Leisure
18,2664,Leisure
9,2072,Leisure
15,2731,Leisure
7,2915,Leisure
14,2862,Leisure
21,2762,Leisure
20,3210,Leisure
19,1971,Leisure
22,3122,Leisure
20,2215,Leisure
20,3813,Leisure
13,2861,Leisure
8,2448,Leisure
10,2545,Leisure
11,1994,Leisure
8,2550,Leisure
17,2075,Leisure
11,2541,Leisure
19,3241,Leisure
7,3203,Leisure
6,3225,Leisure
16,2210,Leisure
20,3238,Leisure
15,2858,Leisure
12,2361,Leisure
12,1821,Leisure
6,2830,Leisure
6,3063,Leisure
21,3131,Leisure
17,2488,Leisure
8,3134,Leisure
11,1931,Leisure
21,2913,Leisure
8,2525,Leisure
15,2230,Leisure
6,2586,Leisure
10,1833,Leisure
19,2821,Leisure
20,3589,Leisure
6,3282,Leisure
9,2594,Leisure
8,1770,Leisure
11,2047,Leisure
18,3213,Leisure
15,1671,Leisure
16,2814,Leisure
9,2321,Leisure
10,1891,Leisure
9,2303,Leisure
10,2727,Leisure
16,3002,Leisure
9,2071,Leisure
6,2500,Leisure
12,2849,Leisure
15,2879,Leisure
7,3606,Leisure
12,1797,Leisure
6,1990,Leisure
9,2023,Leisure
22,3912,Leisure
12,2131,Leisure
14,2517,Leisure
14,2235,Leisure
6,2766,Leisure
7,3658,Leisure
10,2290,Leisure
7,2020,Leisure
8,1809,Leisure
7,2527,Leisure
10,1741,Leisure
16,2533,Leisure
14,2439,Leisure
21,4226,Leisure
15,2497,Leisure
20,2989,Leisure
20,3054,Leisure
18,3808,Leisure
9,2016,Leisure
16,2498,Leisure
14,2369,Leisure
20,3350,Leisure
15,2625,Leisure
20,3049,Leisure
10,2059,Leisure
21,3922,Leisure
12,1795,Leisure
14,2260,Leisure
7,2516,Leisure
17,2460,Leisure
10,2632,Leisure
21,4206,Leisure
15,2901,Leisure
20,3132,Leisure
9,2162,Leisure
19,3421,Leisure
20,2858,Leisure
7,3598,Leisure
15,1914,Leisure
21,2911,Leisure
14,2517,Leisure
10,2084,Leisure
17,2660,Leisure
17,3139,Leisure
12,1641,Leisure
7,2162,Leisure
7,3570,Leisure
15,2235,Leisure
6,2170,Leisure
13,2056,Leisure
15,2786,Leisure
22,3979,Leisure
11,2973,Leisure
19,3820,Leisure
20,3751,Leisure
11,2225,Leisure
20,3352,Leisure
11,2987,Leisure
14,2717,Leisure
12,2636,Leisure
15,2579,Leisure
10,2458,Leisure
17,3065,Leisure
12,3088,Leisure
21,3400,Leisure
17,2824,Leisure
8,3392,Leisure
17,3278,Leisure
7,3319,Leisure
12,1910,Leisure
13,2001,Leisure
14,1432,Leisure
12,3184,Leisure
13,2684,Leisure
6,3176,Leisure
14,2940,Leisure
10,2327,Leisure
12,3151,Leisure
15,2077,Leisure
18,2516,Leisure
12,2450,Leisure
17,3092,Leisure
18,3347,Leisure
14,1959,Leisure
16,1874,Leisure
18,2330,Leisure
15,1571,Leisure
12,3062,Leisure
8,2911,Leisure
11,2561,Leisure
20,3617,Leisure
14,1783,Leisure
19,3137,Leisure
11,2930,Leisure
7,2663,Leisure
19,3232,Leisure
18,3080,Leisure
18,3229,Leisure
6,2202,Leisure
20,2649,Leisure
11,2950,Leisure
15,2535,Leisure
9,2629,Leisure
8,2381,Leisure
20,2236,Leisure
11,2455,Leisure
14,1618,Leisure
20,3877,Leisure
11,2321,Leisure
10,2598,Leisure
19,2686,Leisure
21,3922,Leisure
7,2353,Leisure
19,3413,Leisure
17,3188,Leisure
15,1708,Leisure
21,2767,Leisure
9,2332,Leisure
7,2742,Leisure
13,2057,Leisure
17,2288,Leisure
20,3588,Leisure
7,3179,Leisure
14,2642,Leisure
20,3045,Leisure
15,2310,Leisure
20,3244,Leisure
6,2112,Leisure
6,3072,Leisure
9,2379,Leisure
16,1874,Leisure
11,2846,Leisure
19,3214,Leisure
15,1903,Leisure
12,1646,Leisure
9,2440,Leisure
14,2508,Leisure
11,2985,Leisure
14,2692,Leisure
15,2004,Leisure
12,2632,Leisure
14,2283,Leisure
13,1438,Leisure
8,2742,Leisure
6,2891,Leisure
19,3805,Leisure
9,2962,Leisure
6,2333,Leisure
9,3310,Leisure
18,2904,Leisure
10,3188,Leisure
10,2687,Leisure
18,2630,Leisure
19,2528,Leisure
20,2600,Leisure
22,3762,Leisure
15,2652,Leisure
12,2035,Leisure
22,3279,Leisure
17,1999,Leisure
10,2373,Leisure
11,1680,Leisure
7,2933,Leisure
22,4285,Leisure
16,2310,Leisure
18,2800,Leisure
9,1684,Leisure
13,2156,Leisure
8,3244,Leisure
21,2373,Leisure
6,3697,Leisure
13,2762,Leisure
22,4463,Leisure
18,1985,Leisure
19,3640,Leisure
10,2677,Leisure
15,1593,Leisure
14,2306,Leisure
14,3116,Leisure
22,2951,Leisure
18,2768,Leisure
18,3259,Leisure
12,1947,Leisure
17,2511,Leisure
14,2681,Leisure
11,2349,Leisure
6,2255,Leisure
21,3115,Leisure
22,4644,Leisure
20,3361,Leisure
11,2170,Leisure
12,2546,Leisure
12,2331,Leisure
17,3442,Leisure
15,2870,Leisure
10,2058,Leisure
20,3530,Leisure
9,1866,Leisure
10,2530,Leisure
11,2361,Leisure
18,3109,Leisure
19,2262,Leisure
21,3800,Leisure
13,2506,Leisure
6,3382,Leisure
6,3307,Leisure
18,3000,Leisure
21,2540,Leisure
16,2958,Leisure
17,2855,Leisure
15,2226,Leisure
21,4490,Leisure
17,2441,Leisure
9,2438,Leisure
20,3973,Leisure
22,3426,Leisure
10,1981,Leisure
17,1891,Leisure
21,3801,Leisure
8,1861,Leisure
6,2672,Leisure
19,3739,Leisure
22,4078,Leisure
13,1973,Leisure
10,3087,Leisure
19,3740,Leisure
11,2394,Leisure
15,2496,Leisure
8,3333,Leisure
14,2261,Leisure
9,2645,Leisure
8,2253,Leisure
6,2415,Leisure
15,3168,Leisure
14,1846,Leisure
22,3935,Leisure
7,2471,Leisure
14,2238,Leisure
11,2514,Leisure
14,2471,Leisure
8,3369,Leisure
6,3104,Leisure
20,3546,Leisure
17,2654,Leisure
11,2129,Leisure
21,2696,Leisure
10,1934,Leisure
22,3228,Leisure
17,2618,Leisure
12,2899,Leisure
13,2129,Leisure
22,2690,Leisure
22,3741,Leisure
16,2796,Leisure
10,1720,Leisure
21,3818,Leisure
13,2038,Leisure
21,4503,Leisure
21,4192,Leisure
12,2065,Leisure
19,2656,Leisure
15,1734,Leisure
7,2948,Leisure
6,3852,Leisure
8,3206,Leisure
20,2355,Leisure
18,2598,Leisure
22,4394,Leisure
16,3096,Leisure
6,2818,Leisure
16,1561,Leisure
9,2079,Leisure
7,3011,Leisure
18,2077,Leisure
6,2642,Leisure
20,2979,Leisure
22,2980,Leisure
20,3554,Leisure
9,2922,Leisure
18,1946,Leisure
18,2558,Leisure
8,2467,Leisure
9,3265,Leisure
20,2441,Leisure
22,3655,Leisure
7,3009,Leisure
13,2186,Leisure
7,3263,Leisure
7,2662,Leisure
9,2247,Leisure
8,3113,Leisure
17,2416,Leisure
18,3465,Leisure
12,1834,Leisure
20,1988,Leisure
13,2175,Leisure
20,3305,Leisure
20,2917,Leisure
12,3019,Leisure
14,2095,Leisure
6,3393,Leisure
21,3789,Leisure
14,2344,Leisure
17,3181,Leisure
14,1876,Leisure
12,3029,Leisure
16,1991,Leisure
11,1580,Leisure
15,1897,Leisure
13,2093,Leisure
18,2470,Leisure
12,2945,Leisure
15,1657,Leisure
22,2936,Leisure
17,1668,Leisure
11,2452,Leisure
20,2836,Leisure
21,2435,Leisure
10,2081,Leisure
6,3906,Leisure
17,2088,Leisure
20,3746,Leisure
16,2532,Leisure
10,2602,Leisure
18,2483,Leisure
15,1859,Leisure
11,2158,Leisure
19,3263,Leisure
20,2957,Leisure
22,4853,Leisure
22,3998,Leisure
22,3826,Leisure
6,2626,Leisure
21,2616,Leisure
11,2447,Leisure
14,1894,Leisure
19,2995,Leisure
16,2474,Leisure
15,2406,Leisure
15,2100,Leisure
21,3161,Leisure
16,1884,Leisure
21,4006,Leisure
22,3898,Leisure
10,2071,Leisure
6,2202,Leisure
22,4131,Leisure
22,2763,Leisure
16,2402,Leisure
16,1745,Leisure
18,2440,Leisure
8,2598,Leisure
16,2120,Leisure
9,3379,Leisure
17,1951,Leisure
15,1982,Leisure
22,3535,Leisure
10,1606,Leisure
16,2096,Leisure
6,2131,Leisure
16,2715,Leisure
12,2763,Leisure
7,2125,Leisure
21,3007,Leisure
15,2553,Leisure
11,2570,Leisure
20,3349,Leisure
22,3972,Leisure
14,2972,Leisure
10,3027,Leisure
12,1864,Leisure
12,1654,Leisure
10,2144,Leisure
7,3053,Leisure
22,2998,Leisure
6,2978,Leisure
6,3285,Leisure
8,2698,Leisure
10,2342,Leisure
19,2837,Leisure
19,3208,Leisure
22,2703,Leisure
8,2199,Leisure
9,3205,Leisure
19,3463,Leisure
18,3284,Leisure
14,2532,Leisure
15,3021,Leisure
12,2092,Leisure
18,3709,Leisure
11,1997,Leisure
22,3314,Leisure
14,2646,Leisure
18,2897,Leisure
10,1767,Leisure
22,3821,Leisure
18,3090,Leisure
13,2898,Leisure
7,2905,Leisure
7,2336,Leisure
9,2527,Leisure
13,2754,Leisure
14,1972,Leisure
19,3105,Leisure
22,4077,Leisure
10,2575,Leisure
7,3385,Leisure
13,1630,Leisure
11,1625,Leisure
20,3129,Leisure
9,2504,Leisure
17,1798,Leisure
12,1442,Leisure
18,2105,Leisure
7,2873,Leisure
19,2875,Leisure
10,2437,Leisure
17,2267,Leisure
19,2416,Leisure
11,2937,Leisure
9,2841,Leisure
7,3529,Leisure
17,2184,Leisure
9,1593,Leisure
9,2413,Leisure
16,2600,Leisure
16,3167,Leisure
15,2239,Leisure
10,2069,Leisure
22,2900,Leisure
15,2776,Leisure
13,1764,Leisure
7,2263,Leisure
11,2888,Leisure
7,2294,Leisure
15,2509,Leisure
6,3918,Leisure
9,2301,Leisure
19,3310,Leisure
14,2268,Leisure
15,2679,Leisure
10,1943,Leisure
14,2616,Leisure
20,3340,Leisure
19,2291,Leisure
17,2781,Leisure
17,2838,Leisure
9,2597,Leisure
13,1977,Leisure
21,2273,Leisure
13,1961,Leisure
18,3495,Leisure
6,3344,Leisure
19,2858,Leisure
13,2273,Leisure
20,3573,Leisure
8,3040,Leisure
10,2317,Leisure
12,1839,Leisure
22,4720,Leisure
9,2642,Leisure
7,3236,Leisure
14,3074,Leisure
19,2343,Leisure
14,2954,Leisure
17,3350,Leisure
19,1890,Leisure
13,1820,Leisure
12,2045,Leisure
22,4761,Leisure
15,3068,Leisure
7,3558,Leisure
13,2514,Leisure
7,2032,Leisure
6,2954,Leisure
13,2831,Leisure
20,3514,Leisure
21,4079,Leisure
13,1587,Leisure
10,1705,Leisure
18,2033,Leisure
11,2013,Leisure
6,3926,Leisure
12,2216,Leisure
11,2659,Leisure
13,2889,Leisure
22,3721,Leisure
17,2162,Leisure
20,2820,Leisure
7,1840,Leisure
9,1823,Leisure
22,3230,Leisure
8,1946,Leisure
9,3100,Leisure
19,2405,Leisure
9,2212,Leisure
14,2728,Leisure
15,2240,Leisure
10,1797,Leisure
13,3056,Leisure
15,3022,Leisure
13,1942,Leisure
11,2028,Leisure
18,2931,Leisure
14,2099,Leisure
19,3029,Leisure
14,2068,Leisure
16,2656,Leisure
18,2033,Leisure
7,1979,Leisure
21,3563,Leisure
16,2107,Leisure
17,3125,Leisure
8,2857,Leisure
13,1971,Leisure
19,2273,Leisure
6,2875,Leisure
22,2409,Leisure
9,2766,Leisure
22,4400,Leisure
9,1819,Leisure
17,2059,Leisure
6,3028,Leisure
10,1954,Leisure
22,3523,Leisure
13,2110,Leisure
6,2245,Leisure
20,2608,Leisure
14,2120,Leisure
7,3391,Leisure
6,3054,Leisure
19,3673,Leisure
14,2583,Leisure
11,2431,Leisure
15,2773,Leisure
19,3021,Leisure
14,2543,Leisure
18,1869,Leisure
6,2437,Leisure
15,1745,Leisure
12,2409,Leisure
16,3090,Leisure
21,3947,Leisure
6,2138,Leisure
16,2654,Leisure
9,2345,Leisure
11,2057,Leisure
6,2621,Leisure
21,3091,Leisure
20,3859,Leisure
21,4160,Leisure
16,1998,Leisure
16,2234,Leisure
20,3564,Leisure
19,1897,Leisure
6,2372,Leisure
19,2883,Leisure
12,2312,Leisure
13,3093,Leisure
19,2479,Leisure
7,2669,Leisure
20,1930,Leisure
17,3016,Leisure
9,2825,Leisure
21,3963,Leisure
6,2529,Leisure
14,3095,Leisure
13,2163,Leisure
10,2906,Leisure
13,1592,Leisure
11,2935,Leisure
12,2996,Leisure
16,1899,Leisure
6,2027,Leisure
20,3561,Leisure
12,1638,Leisure
18,2460,Leisure
7,2269,Leisure
13,2615,Leisure
13,2843,Leisure
22,4422,Leisure
10,2569,Leisure
17,1717,Leisure
21,3331,Leisure
15,2893,Leisure
22,2668,Leisure
20,2653,Leisure
11,2657,Leisure
11,2081,Leisure
17,2213,Leisure
13,2673,Leisure
14,1596,Leisure
19,3681,Leisure
6,3598,Leisure
21,3159,Leisure
18,1776,Leisure
18,2827,Leisure
19,2893,Leisure
12,2501,Leisure
18,2887,Leisure
18,3072,Leisure
11,2207,Leisure
12,2289,Leisure
17,3245,Leisure
13,2893,Leisure
13,2302,Leisure
7,3034,Leisure
10,1592,Leisure
20,2427,Leisure
19,3527,Leisure
19,3999,Leisure
13,1648,Leisure
21,4457,Leisure
18,2443,Leisure
12,2420,Leisure
9,2703,Leisure
20,3609,Leisure
9,2024,Leisure
8,2854,Leisure
9,1560,Leisure
10,2627,Leisure
15,2026,Leisure
19,3821,Leisure
13,2878,Leisure
15,2058,Leisure
15,1852,Leisure
14,2815,Leisure
6,3234,Leisure
12,2740,Leisure
12,1832,Leisure
21,2700,Leisure
11,2058,Leisure
20,3385,Leisure
18,2231,Leisure
8,2319,Leisure
14,2050,Leisure
15,1979,Leisure
21,3077,Leisure
15,2232,Leisure
17,3120,Leisure
6,3396,Leisure
14,2443,Leisure
14,2676,Leisure
7,3644,Leisure
6,3540,Leisure
14,2650,Leisure
22,2981,Leisure
12,2434,Leisure
17,2872,Leisure
20,4262,Leisure
22,4901,Leisure
17,2740,Leisure
20,2507,Leisure
14,2121,Leisure
13,2285,Leisure
19,3231,Leisure
17,2081,Leisure
9,2526,Leisure
9,2197,Leisure
19,3719,Leisure
21,4055,Leisure
22,3367,Leisure
9,2801,Leisure
12,2386,Leisure
22,4898,Leisure
18,3439,Leisure
6,3635,Leisure
11,1707,Leisure
10,2738,Leisure
18,2659,Leisure
18,3154,Leisure
22,4970,Leisure
21,3137,Leisure
10,2608,Leisure
22,3886,Leisure
8,3040,Leisure
19,3592,Leisure
13,2446,Leisure
19,2053,Leisure
7,3155,Leisure
6,2502,Leisure
12,2313,Leisure
19,2156,Leisure
12,2866,Leisure
12,2699,Leisure
10,2346,Leisure
7,2880,Leisure
9,2329,Leisure
14,2498,Leisure
11,3074,Leisure
6,3732,Leisure
10,2404,Leisure
21,3841,Leisure
17,2735,Leisure
20,4115,Leisure
12,2399,Leisure
22,4494,Leisure
7,3362,Leisure
6,2158,Leisure
17,3479,Leisure
8,2141,Leisure
14,2446,Leisure
10,2444,Leisure
19,2924,Leisure
20,2918,Leisure
8,2309,Leisure
10,1617,Leisure
7,2191,Leisure
12,2956,Leisure
13,2282,Leisure
20,3826,Leisure
8,2331,Leisure
9,2894,Leisure
13,1530,Leisure
22,2772,Leisure
17,3169,Leisure
8,2827,Leisure
11,2820,Leisure
15,2782,Leisure
18,2903,Leisure
18,2476,Leisure
19,2555,Leisure
14,2302,Leisure
20,3136,Leisure
18,1995,Leisure
7,3183,Leisure
15,2301,Leisure
19,3322,Leisure
11,2647,Leisure
7,2333,Leisure
21,3993,Leisure
17,2318,Leisure
15,2755,Leisure
13,2537,Leisure
17,2527,Leisure
18,2517,Leisure
7,3159,Leisure
20,3803,Leisure
15,2169,Leisure
13,2273,Leisure
11,2240,Leisure
14,2866,Leisure
8,2609,Leisure
11,2003,Leisure
22,4786,Leisure
20,3457,Leisure
12,3040,Leisure
12,1769,Leisure
10,1923,Leisure
20,2922,Leisure
20,3543,Leisure
21,4256,Leisure
20,3063,Leisure
20,3199,Leisure
9,2043,Leisure
9,2198,Leisure
16,3153,Leisure
21,2802,Leisure
21,3851,Leisure
21,3665,Leisure
18,1845,Leisure
19,2926,Leisure
9,2922,Leisure
10,2506,Leisure
11,2620,Leisure
20,3624,Leisure
14,2424,Leisure
17,2512,Leisure
14,2716,Leisure
10,2659,Leisure
18,2632,Leisure
16,1842,Leisure
17,3311,Leisure
12,1563,Leisure
22,2929,Leisure
7,1968,Leisure
17,2588,Leisure
21,3402,Leisure
21,3967,Leisure
17,3316,Leisure
10,3315,Leisure
20,2209,Leisure
9,2381,Leisure
16,2597,Leisure
8,2837,Leisure
16,2246,Leisure
12,1965,Leisure
10,1831,Leisure
11,3027,Leisure
7,2878,Leisure
9,3194,Leisure
7,3331,Leisure
20,3080,Leisure
17,3318,Leisure
14,2152,Leisure
10,2056,Leisure
20,2763,Leisure
16,1998,Leisure
15,2515,Leisure
22,3313,Leisure
16,2876,Leisure
18,2700,Leisure
6,3043,Leisure
9,2196,Leisure
18,2913,Leisure
14,2974,Leisure
18,3196,Leisure
8,3331,Leisure
18,2131,Leisure
17,2889,Leisure
12,2938,Leisure
13,1876,Leisure
7,3237,Leisure
9,2553,Leisure
18,2376,Leisure
8,2735,Leisure
9,3310,Leisure
18,3321,Leisure
19,3152,Leisure